[
  {
    "id": "09de0b14-2a45-4839-a216-309ce9db8898",
    "data": [
      {
        "text": "Upcoming internal exam schedule?",
        "userDefined": false
      }
    ],
    "isTemplate": false,
    "count": 0,
    "lang": "en",
    "updated": 0
  },
  {
    "id": "3db92a63-2940-450d-8ada-131accb121ee",
    "data": [
      {
        "text": "What is the date of the internal exam?",
        "userDefined": false
      }
    ],
    "isTemplate": false,
    "count": 0,
    "lang": "en",
    "updated": 0
  },
  {
    "id": "cb5f9059-632b-4e44-93dc-058a982bcdf9",
    "data": [
      {
        "text": "When is the next internal exam?",
        "userDefined": false
      }
    ],
    "isTemplate": false,
    "count": 0,
    "lang": "en",
    "updated": 0
  }
]