[
  {
    "id": "29b69c64-4c64-4f98-beb3-45379114be07",
    "data": [
      {
        "text": "What\u0027s the tuition fee structure?",
        "userDefined": false
      }
    ],
    "isTemplate": false,
    "count": 0,
    "lang": "en",
    "updated": 0
  },
  {
    "id": "371ea836-de3a-4ba6-a93b-6e21e801b9b4",
    "data": [
      {
        "text": "Can you tell me the course fee?",
        "userDefined": false
      }
    ],
    "isTemplate": false,
    "count": 0,
    "lang": "en",
    "updated": 0
  },
  {
    "id": "74ac2121-54fc-46d5-b791-917412946244",
    "data": [
      {
        "text": "Fee details for this semester?",
        "userDefined": false
      }
    ],
    "isTemplate": false,
    "count": 0,
    "lang": "en",
    "updated": 0
  },
  {
    "id": "c8832ced-0abe-4889-bf1c-7020d3c654bc",
    "data": [
      {
        "text": "What\u0027s the hostel and mess fee?",
        "userDefined": false
      }
    ],
    "isTemplate": false,
    "count": 0,
    "lang": "en",
    "updated": 0
  }
]