[
  {
    "id": "b89f5f89-ffd1-421e-b3f8-8030c0a0af13",
    "data": [
      {
        "text": "Can ",
        "userDefined": false
      },
      {
        "text": "guests",
        "meta": "@hostel_topic",
        "alias": "hostel_topic",
        "userDefined": false
      },
      {
        "text": " come to the hostel?",
        "userDefined": false
      }
    ],
    "isTemplate": false,
    "count": 0,
    "lang": "en",
    "updated": 0
  },
  {
    "id": "c17ea20f-a35b-479b-8624-b59d732d83f4",
    "data": [
      {
        "text": "What are the rules for ",
        "userDefined": false
      },
      {
        "text": "visitors",
        "meta": "@hostel_topic",
        "alias": "hostel_topic",
        "userDefined": false
      },
      {
        "text": "?",
        "userDefined": false
      }
    ],
    "isTemplate": false,
    "count": 0,
    "lang": "en",
    "updated": 0
  },
  {
    "id": "b7f39f5b-db3a-4648-9c2a-cf4c0475a14d",
    "data": [
      {
        "text": "Is ",
        "userDefined": false
      },
      {
        "text": "visitor",
        "meta": "@hostel_topic",
        "alias": "hostel_topic",
        "userDefined": false
      },
      {
        "text": " ",
        "userDefined": false
      },
      {
        "text": "entry",
        "meta": "@hostel_topic",
        "alias": "hostel_topic1",
        "userDefined": false
      },
      {
        "text": " ",
        "userDefined": false
      },
      {
        "text": "allowed",
        "meta": "@hostel_topic",
        "alias": "hostel_topic2",
        "userDefined": false
      },
      {
        "text": "?",
        "userDefined": false
      }
    ],
    "isTemplate": false,
    "count": 0,
    "lang": "en",
    "updated": 0
  }
]