[
  {
    "id": "6fd16619-98a9-40d5-b508-a185795c2472",
    "data": [
      {
        "text": "Where can I find the exam schedule?",
        "userDefined": false
      }
    ],
    "isTemplate": false,
    "count": 0,
    "lang": "en",
    "updated": 0
  },
  {
    "id": "0b9e9208-12a0-4aea-a386-775b475f7c36",
    "data": [
      {
        "text": "Exam dates list?",
        "userDefined": false
      }
    ],
    "isTemplate": false,
    "count": 0,
    "lang": "en",
    "updated": 0
  },
  {
    "id": "ef20c156-e6a8-4e7f-92d9-15b9ae45ec90",
    "data": [
      {
        "text": "Show me the final exam timetable.",
        "userDefined": false
      }
    ],
    "isTemplate": false,
    "count": 0,
    "lang": "en",
    "updated": 0
  },
  {
    "id": "d228dc10-1ba4-4256-956b-8bf2f9f52762",
    "data": [
      {
        "text": "Can I get the exam timetable?",
        "userDefined": false
      }
    ],
    "isTemplate": false,
    "count": 0,
    "lang": "en",
    "updated": 0
  },
  {
    "id": "2d3543a1-ac3e-4daf-a084-cf533a914572",
    "data": [
      {
        "text": "Share the exam schedule please.",
        "userDefined": false
      }
    ],
    "isTemplate": false,
    "count": 0,
    "lang": "en",
    "updated": 0
  }
]