[
  {
    "id": "1d86646c-410a-4470-a5d0-a45b8985bb4e",
    "data": [
      {
        "text": "What events are happening this week?",
        "userDefined": false
      }
    ],
    "isTemplate": false,
    "count": 0,
    "lang": "en",
    "updated": 0
  },
  {
    "id": "5f183f2a-bf44-4d52-b66d-9fb1b21b0ffb",
    "data": [
      {
        "text": "Is there any fest coming up?",
        "userDefined": false
      }
    ],
    "isTemplate": false,
    "count": 0,
    "lang": "en",
    "updated": 0
  },
  {
    "id": "0581b0ac-9435-4ed3-bf62-4af9a64471cd",
    "data": [
      {
        "text": "Tell me about upcoming college events",
        "userDefined": false
      }
    ],
    "isTemplate": false,
    "count": 0,
    "lang": "en",
    "updated": 0
  },
  {
    "id": "d4195fdd-cb76-4cb4-a8b6-726ae98d8884",
    "data": [
      {
        "text": "Any cultural event this month?",
        "userDefined": false
      }
    ],
    "isTemplate": false,
    "count": 0,
    "lang": "en",
    "updated": 0
  },
  {
    "id": "fb8ceeed-3306-41b3-85f3-3840fb0c2562",
    "data": [
      {
        "text": "Share details of tech fests",
        "userDefined": false
      }
    ],
    "isTemplate": false,
    "count": 0,
    "lang": "en",
    "updated": 0
  },
  {
    "id": "f1bbd600-2d5a-4e05-84f3-28f56218f419",
    "data": [
      {
        "text": "Is any event happening in the auditorium?",
        "userDefined": false
      }
    ],
    "isTemplate": false,
    "count": 0,
    "lang": "en",
    "updated": 0
  }
]