[
  {
    "id": "3fc2e395-7e91-456b-801f-40767f4bc22c",
    "data": [
      {
        "text": "When will results be declared?",
        "userDefined": false
      }
    ],
    "isTemplate": false,
    "count": 0,
    "lang": "en",
    "updated": 0
  },
  {
    "id": "b1a10a55-0810-46d7-8819-70cbd8e19c84",
    "data": [
      {
        "text": "When are the exam results coming?",
        "userDefined": false
      }
    ],
    "isTemplate": false,
    "count": 0,
    "lang": "en",
    "updated": 0
  },
  {
    "id": "3263caae-808b-4611-8765-0ab17115ef51",
    "data": [
      {
        "text": "Tell me the result declaration time.",
        "userDefined": false
      }
    ],
    "isTemplate": false,
    "count": 0,
    "lang": "en",
    "updated": 0
  },
  {
    "id": "dfc85479-5668-4463-a033-4e47b022e031",
    "data": [
      {
        "text": "What is the result date?",
        "userDefined": false
      }
    ],
    "isTemplate": false,
    "count": 0,
    "lang": "en",
    "updated": 0
  }
]