[
  {
    "id": "80f82b15-d039-4a00-94d3-3ee9d05d0628",
    "data": [
      {
        "text": "What ",
        "userDefined": false
      },
      {
        "text": "time",
        "meta": "@canteen_timings",
        "alias": "canteen_timings",
        "userDefined": false
      },
      {
        "text": " does the ",
        "userDefined": false
      },
      {
        "text": "mess",
        "meta": "@canteen_timings",
        "alias": "canteen_timings",
        "userDefined": true
      },
      {
        "text": " close?",
        "userDefined": false
      }
    ],
    "isTemplate": false,
    "count": 0,
    "lang": "en",
    "updated": 0
  },
  {
    "id": "3c979362-0d14-45f0-9758-0e0e0cba4c2a",
    "data": [
      {
        "text": "What ",
        "userDefined": false
      },
      {
        "text": "time",
        "meta": "@canteen_timings",
        "alias": "canteen_timings",
        "userDefined": false
      },
      {
        "text": " does the canteen close?",
        "userDefined": false
      }
    ],
    "isTemplate": false,
    "count": 0,
    "lang": "en",
    "updated": 0
  },
  {
    "id": "91d2c2ad-d8ee-49c7-93aa-9e24fb370ad6",
    "data": [
      {
        "text": "Canteen timings",
        "meta": "@canteen_timings",
        "alias": "canteen_timings",
        "userDefined": false
      },
      {
        "text": "?",
        "userDefined": false
      }
    ],
    "isTemplate": false,
    "count": 0,
    "lang": "en",
    "updated": 0
  },
  {
    "id": "0fb2f84b-e634-4510-8969-3f7b3a1820df",
    "data": [
      {
        "text": "When does the canteen serve ",
        "userDefined": false
      },
      {
        "text": "breakfast",
        "meta": "@canteen_timings",
        "alias": "canteen_timings",
        "userDefined": false
      },
      {
        "text": ", ",
        "userDefined": false
      },
      {
        "text": "lunch",
        "meta": "@canteen_timings",
        "alias": "canteen_timings1",
        "userDefined": false
      },
      {
        "text": ", and ",
        "userDefined": false
      },
      {
        "text": "dinner",
        "meta": "@canteen_timings",
        "alias": "canteen_timings2",
        "userDefined": false
      },
      {
        "text": "?",
        "userDefined": false
      }
    ],
    "isTemplate": false,
    "count": 0,
    "lang": "en",
    "updated": 0
  }
]