[
  {
    "id": "ab456478-2193-4644-8251-ebab416c7317",
    "data": [
      {
        "text": "Nearest canteen or mess?",
        "userDefined": false
      }
    ],
    "isTemplate": false,
    "count": 0,
    "lang": "en",
    "updated": 0
  },
  {
    "id": "69f0308d-4a31-4d4d-9d62-d1d971195f84",
    "data": [
      {
        "text": "Where can I eat near the campus?",
        "userDefined": false
      }
    ],
    "isTemplate": false,
    "count": 0,
    "lang": "en",
    "updated": 0
  },
  {
    "id": "a189af8c-b9ba-40d3-ae4c-174be94184f7",
    "data": [
      {
        "text": "Best place for ",
        "userDefined": false
      },
      {
        "text": "biryani",
        "meta": "@food_item",
        "alias": "food_item",
        "userDefined": false
      },
      {
        "text": " around?",
        "userDefined": false
      }
    ],
    "isTemplate": false,
    "count": 1,
    "lang": "en",
    "updated": 0
  },
  {
    "id": "5a08e7cc-471b-4fb0-9a3c-237e7bb533de",
    "data": [
      {
        "text": "Where can I get ",
        "userDefined": false
      },
      {
        "text": "dosa",
        "meta": "@food_item",
        "alias": "food_item",
        "userDefined": false
      },
      {
        "text": " near hostel?",
        "userDefined": false
      }
    ],
    "isTemplate": false,
    "count": 1,
    "lang": "en",
    "updated": 0
  },
  {
    "id": "8edc127c-541f-4c0c-9465-78cca0781a70",
    "data": [
      {
        "text": "I\u0027m hungry, what\u0027s nearby?",
        "userDefined": false
      }
    ],
    "isTemplate": false,
    "count": 0,
    "lang": "en",
    "updated": 0
  }
]