[
  {
    "id": "b80acc5e-d527-46e8-8483-45aa270de2b1",
    "data": [
      {
        "text": "girls hostel outing time?",
        "userDefined": false
      }
    ],
    "isTemplate": false,
    "count": 0,
    "lang": "en",
    "updated": 0
  },
  {
    "id": "c443af3c-ddcb-4500-8983-0a2f860b7f4a",
    "data": [
      {
        "text": "hostel rules?",
        "userDefined": false
      }
    ],
    "isTemplate": false,
    "count": 0,
    "lang": "en",
    "updated": 0
  },
  {
    "id": "dc69cac8-55cc-4c37-b577-16131076d956",
    "data": [
      {
        "text": "What are the allowed outing hours?",
        "userDefined": false
      }
    ],
    "isTemplate": false,
    "count": 0,
    "lang": "en",
    "updated": 0
  },
  {
    "id": "4d677bc5-7a14-436e-935b-91a11a1ab020",
    "data": [
      {
        "text": "When should we return to hostel?",
        "userDefined": false
      }
    ],
    "isTemplate": false,
    "count": 0,
    "lang": "en",
    "updated": 0
  },
  {
    "id": "5303033c-132a-4d18-8e21-1f4e749f83b8",
    "data": [
      {
        "text": "Hostel outing rules?",
        "userDefined": false
      }
    ],
    "isTemplate": false,
    "count": 0,
    "lang": "en",
    "updated": 0
  },
  {
    "id": "b93f549a-c426-4c15-b61e-df52880f5394",
    "data": [
      {
        "text": "Are ",
        "userDefined": false
      },
      {
        "text": "night",
        "meta": "@sys.time-period",
        "alias": "time-period",
        "userDefined": false
      },
      {
        "text": " outings allowed?",
        "userDefined": false
      }
    ],
    "isTemplate": false,
    "count": 0,
    "lang": "en",
    "updated": 0
  },
  {
    "id": "96cc3ed6-0935-4c65-a1ae-cf03c65c1005",
    "data": [
      {
        "text": "Is late entry allowed in hostel?",
        "userDefined": false
      }
    ],
    "isTemplate": false,
    "count": 0,
    "lang": "en",
    "updated": 0
  }
]