[
  {
    "id": "0ab21a1c-94d7-45fc-bcf3-a1ecf876e6f0",
    "data": [
      {
        "text": "What are the library timings?",
        "userDefined": false
      }
    ],
    "isTemplate": false,
    "count": 0,
    "lang": "en",
    "updated": 0
  },
  {
    "id": "304a91e9-2fcd-4a3c-8c0e-cf2f801ceb78",
    "data": [
      {
        "text": "Closing time of the college library?",
        "userDefined": false
      }
    ],
    "isTemplate": false,
    "count": 0,
    "lang": "en",
    "updated": 0
  },
  {
    "id": "15f933e1-1986-4820-9cf5-ea9d02bd9096",
    "data": [
      {
        "text": "At what time does the library close ",
        "userDefined": false
      },
      {
        "text": "today",
        "meta": "@sys.date-time",
        "alias": "date-time",
        "userDefined": false
      },
      {
        "text": "?",
        "userDefined": false
      }
    ],
    "isTemplate": false,
    "count": 0,
    "lang": "en",
    "updated": 0
  },
  {
    "id": "e7bef175-c484-41bd-b53e-b9343a09486c",
    "data": [
      {
        "text": "Tell me the library\u0027s closing time.",
        "userDefined": false
      }
    ],
    "isTemplate": false,
    "count": 0,
    "lang": "en",
    "updated": 0
  },
  {
    "id": "e05e73d4-a417-4235-a473-986c77bd6dab",
    "data": [
      {
        "text": "When does the library close?",
        "userDefined": false
      }
    ],
    "isTemplate": false,
    "count": 0,
    "lang": "en",
    "updated": 0
  }
]