[
  {
    "id": "29122b93-dd2c-4310-9f2b-9ce5fc15ba35",
    "data": [
      {
        "text": "I lost my room ",
        "userDefined": false
      },
      {
        "text": "keys",
        "meta": "@lost_item_type",
        "alias": "lost_item_type",
        "userDefined": false
      },
      {
        "text": ", where should I go?",
        "userDefined": false
      }
    ],
    "isTemplate": false,
    "count": 0,
    "lang": "en",
    "updated": 0
  },
  {
    "id": "28de3fad-4c65-4b19-b6a2-27a2165f6802",
    "data": [
      {
        "text": "I misplaced my ",
        "userDefined": false
      },
      {
        "text": "phone",
        "meta": "@lost_item_type",
        "alias": "lost_item_type",
        "userDefined": false
      },
      {
        "text": ", can you help?",
        "userDefined": false
      }
    ],
    "isTemplate": false,
    "count": 0,
    "lang": "en",
    "updated": 0
  },
  {
    "id": "c1403cc4-9887-4547-a659-18424e33fcde",
    "data": [
      {
        "text": "I left my ",
        "userDefined": false
      },
      {
        "text": "book",
        "meta": "@lost_item_type",
        "alias": "lost_item_type",
        "userDefined": true
      },
      {
        "text": " in the library, what now?",
        "userDefined": false
      }
    ],
    "isTemplate": false,
    "count": 0,
    "lang": "en",
    "updated": 0
  },
  {
    "id": "56066cfc-07bc-4a20-82e0-79b670618ed5",
    "data": [
      {
        "text": "Where is the lost and found office?",
        "userDefined": false
      }
    ],
    "isTemplate": false,
    "count": 0,
    "lang": "en",
    "updated": 0
  },
  {
    "id": "f155e364-e6b3-4bdc-ac6a-db045bb2f479",
    "data": [
      {
        "text": "I lost my ",
        "userDefined": false
      },
      {
        "text": "ID card",
        "meta": "@lost_item_type",
        "alias": "lost_item_type",
        "userDefined": false
      },
      {
        "text": ", what should I do?",
        "userDefined": false
      }
    ],
    "isTemplate": false,
    "count": 0,
    "lang": "en",
    "updated": 0
  }
]