[
  {
    "id": "e54a9a8f-42f4-4a0d-a07e-40f1564d2d04",
    "data": [
      {
        "text": "My Wi-Fi is ",
        "userDefined": false
      },
      {
        "text": "not working",
        "meta": "@wifi_issue",
        "alias": "wifi_issue",
        "userDefined": false
      },
      {
        "text": ".",
        "userDefined": false
      }
    ],
    "isTemplate": false,
    "count": 1,
    "lang": "en",
    "updated": 0
  },
  {
    "id": "7d73256c-924e-4d81-823f-0b954828f403",
    "data": [
      {
        "text": "How do I login to the college Wi-Fi?",
        "userDefined": false
      }
    ],
    "isTemplate": false,
    "count": 0,
    "lang": "en",
    "updated": 0
  },
  {
    "id": "90fb2e35-a590-4bf9-bfe2-81d9cf8bb800",
    "data": [
      {
        "text": "I want to ",
        "userDefined": false
      },
      {
        "text": "access",
        "meta": "@wifi_issue",
        "alias": "wifi_issue",
        "userDefined": false
      },
      {
        "text": " Wi-Fi on my phone.",
        "userDefined": false
      }
    ],
    "isTemplate": false,
    "count": 0,
    "lang": "en",
    "updated": 0
  },
  {
    "id": "d2fffc8b-e2c4-4ee7-bbf1-479f776d17db",
    "data": [
      {
        "text": "Can you help me ",
        "userDefined": false
      },
      {
        "text": "connect",
        "meta": "@wifi_issue",
        "alias": "wifi_issue",
        "userDefined": false
      },
      {
        "text": " to the Wi-Fi?",
        "userDefined": false
      }
    ],
    "isTemplate": false,
    "count": 0,
    "lang": "en",
    "updated": 0
  },
  {
    "id": "8e5c7c7d-7bd1-4379-b128-3c442088784b",
    "data": [
      {
        "text": "How to ",
        "userDefined": false
      },
      {
        "text": "connect",
        "meta": "@wifi_issue",
        "alias": "wifi_issue",
        "userDefined": false
      },
      {
        "text": " to campus Wi-Fi",
        "userDefined": false
      }
    ],
    "isTemplate": false,
    "count": 0,
    "lang": "en",
    "updated": 0
  }
]