[
  {
    "value": "ID card",
    "synonyms": [
      "ID card",
      "ID",
      "identity card",
      "college ID"
    ]
  },
  {
    "value": "phone",
    "synonyms": [
      "phone",
      "mobile",
      "smartphone"
    ]
  },
  {
    "value": "book",
    "synonyms": [
      "book",
      "notebook",
      "register"
    ]
  },
  {
    "value": "keys",
    "synonyms": [
      "keys",
      "key"
    ]
  },
  {
    "value": "bag",
    "synonyms": [
      "bag",
      "backpack"
    ]
  },
  {
    "value": "wallet",
    "synonyms": [
      "wallet",
      "purse"
    ]
  },
  {
    "value": "charger",
    "synonyms": [
      "charger",
      "charging cable"
    ]
  },
  {
    "value": "earphones",
    "synonyms": [
      "earphones",
      "earbuds",
      "headphones"
    ]
  }
]